{
  "users": {
    "6285355458766@s.whatsapp.net": {
      "name": "Gelllow",
      "level": 1,
      "exp": 21,
      "need": 120,
      "money": 11519,
      "bank": 0,
      "energy": 90,
      "maxEnergy": 100,
      "hp": 100,
      "maxHp": 100,
      "job": "Driver Ojek",
      "jobLevel": 1,
      "house": null,
      "houseLevel": 0,
      "vehicle": null,
      "vehicleLevel": 0,
      "fuel": 0,
      "maxFuel": 0,
      "stats": {
        "atk": 5,
        "def": 5,
        "luck": 1,
        "cha": 1
      },
      "inventory": {
        "food": 1,
        "medkit": 0,
        "material": 0,
        "ticket": 0
      },
      "reputation": 0,
      "marriedTo": null,
      "jailUntil": 0,
      "debt": 0,
      "last": {
        "daily": 0,
        "work": 1765641335405,
        "rest": 0,
        "training": 0,
        "hunt": 0,
        "dungeon": 0,
        "crime": 0,
        "interest": 0,
        "event": 0,
        "travel": 0
      }
    }
  },
  "guilds": {}
}