{
  "users": {
    "6283823097750@s.whatsapp.net": {},
    "6283825463648@s.whatsapp.net": {},
    "6282260620804@s.whatsapp.net": {},
    "6289609950580@s.whatsapp.net": {},
    "43856464740486@lid": {},
    "6287747926792@s.whatsapp.net": {},
    "62895402989678@s.whatsapp.net": {},
    "6282172475374@s.whatsapp.net": {},
    "120363405362316840@newsletter": {},
    "120363422054951473@newsletter": {},
    "6285339292131@s.whatsapp.net": {},
    "6285161721605@s.whatsapp.net": {},
    "120363419397191308@newsletter": {},
    "6282338398855@s.whatsapp.net": {},
    "628988810597@s.whatsapp.net": {},
    "6289523423361@s.whatsapp.net": {},
    "120363401328391633@newsletter": {},
    "6283171177552@s.whatsapp.net": {},
    "120363423464249455@newsletter": {},
    "120363404446053939@newsletter": {},
    "120363296171556721@newsletter": {},
    "6285701410761@s.whatsapp.net": {},
    "120363421366320253@newsletter": {},
    "120363404382794093@newsletter": {},
    "6282173642873@s.whatsapp.net": {},
    "6283175439630@s.whatsapp.net": {},
    "6285177148100@s.whatsapp.net": {},
    "62895322554987@s.whatsapp.net": {},
    "120363420619530273@newsletter": {},
    "6281274920526@s.whatsapp.net": {},
    "6283867678160@s.whatsapp.net": {},
    "6282276752273@s.whatsapp.net": {},
    "6282280059457@s.whatsapp.net": {},
    "6285692533829@s.whatsapp.net": {},
    "6282168604105@s.whatsapp.net": {},
    "62895425537487@s.whatsapp.net": {},
    "6282253595771@s.whatsapp.net": {},
    "6289505357961@s.whatsapp.net": {},
    "6282338092866@s.whatsapp.net": {},
    "6283833633779@s.whatsapp.net": {},
    "6287745148443@s.whatsapp.net": {},
    "6285772046118@s.whatsapp.net": {},
    "6283845584667@s.whatsapp.net": {},
    "6283832725593@s.whatsapp.net": {},
    "6283821667880@s.whatsapp.net": {},
    "6282147128156@s.whatsapp.net": {},
    "6288214571895@s.whatsapp.net": {},
    "6285355458766@s.whatsapp.net": {},
    "6285161580300@s.whatsapp.net": {},
    "6285837375553@s.whatsapp.net": {},
    "62895621820209@s.whatsapp.net": {},
    "6289529464823@s.whatsapp.net": {},
    "6285792704268@s.whatsapp.net": {},
    "6282124369302@s.whatsapp.net": {},
    "6285624637528@s.whatsapp.net": {},
    "6289518559726@s.whatsapp.net": {},
    "6281529631457@s.whatsapp.net": {},
    "6287766937077@s.whatsapp.net": {},
    "6285220298912@s.whatsapp.net": {},
    "6287819990680@s.whatsapp.net": {},
    "6282340371882@s.whatsapp.net": {},
    "6281211713200@s.whatsapp.net": {},
    "62895412937040@s.whatsapp.net": {},
    "6285178232383@s.whatsapp.net": {},
    "6282134977190@s.whatsapp.net": {},
    "6285173235598@s.whatsapp.net": {},
    "6281913454588@s.whatsapp.net": {},
    "6281324320525@s.whatsapp.net": {},
    "6287765566694@s.whatsapp.net": {},
    "6282287115080@s.whatsapp.net": {},
    "6282133241338@s.whatsapp.net": {},
    "6282210468097@s.whatsapp.net": {},
    "6282261614150@s.whatsapp.net": {},
    "6283861302139@s.whatsapp.net": {},
    "6285787635856@s.whatsapp.net": {},
    "6282282434958@s.whatsapp.net": {},
    "6285746138395@s.whatsapp.net": {},
    "6285642311855@s.whatsapp.net": {},
    "6288801340877@s.whatsapp.net": {},
    "6282373108990@s.whatsapp.net": {},
    "6281228352483@s.whatsapp.net": {},
    "6287754357732@s.whatsapp.net": {},
    "62895336842822@s.whatsapp.net": {},
    "6288218808077@s.whatsapp.net": {},
    "6285860785140@s.whatsapp.net": {},
    "6281329552115@s.whatsapp.net": {},
    "628988260484@s.whatsapp.net": {},
    "6282225531751@s.whatsapp.net": {},
    "6282315815879@s.whatsapp.net": {},
    "6283871512940@s.whatsapp.net": {},
    "6285850340258@s.whatsapp.net": {},
    "6282256590533@s.whatsapp.net": {},
    "6283897221268@s.whatsapp.net": {},
    "6281938171959@s.whatsapp.net": {},
    "62895326965634@s.whatsapp.net": {},
    "6283829189231@s.whatsapp.net": {},
    "6283164776669@s.whatsapp.net": {},
    "6287817544073@s.whatsapp.net": {},
    "6281574823289@s.whatsapp.net": {},
    "6282184957634@s.whatsapp.net": {},
    "6285296027310@s.whatsapp.net": {},
    "6285179614121@s.whatsapp.net": {},
    "6285191513679@s.whatsapp.net": {},
    "6285732643738@s.whatsapp.net": {},
    "6281212835939@s.whatsapp.net": {},
    "6282228687096@s.whatsapp.net": {},
    "6285183585302@s.whatsapp.net": {},
    "6289505412170@s.whatsapp.net": {},
    "6285796968283@s.whatsapp.net": {},
    "6285732105768@s.whatsapp.net": {},
    "6287821257899@s.whatsapp.net": {},
    "6285788625219@s.whatsapp.net": {},
    "6285888710050@s.whatsapp.net": {},
    "6281280218315@s.whatsapp.net": {},
    "6282289465311@s.whatsapp.net": {},
    "6282145133705@s.whatsapp.net": {},
    "6288298502977@s.whatsapp.net": {},
    "62859194785624@s.whatsapp.net": {},
    "6289526457948@s.whatsapp.net": {},
    "6289504630133@s.whatsapp.net": {},
    "60104619048@s.whatsapp.net": {},
    "6287865649832@s.whatsapp.net": {},
    "6282226734627@s.whatsapp.net": {},
    "6282336904730@s.whatsapp.net": {},
    "6281241024234@s.whatsapp.net": {},
    "6289526457599@s.whatsapp.net": {},
    "62881036764627@s.whatsapp.net": {},
    "6285693160148@s.whatsapp.net": {},
    "6285710665996@s.whatsapp.net": {},
    "6283155619021@s.whatsapp.net": {},
    "6281991681826@s.whatsapp.net": {},
    "6281243226021@s.whatsapp.net": {}
  },
  "groups": {
    "120363421029463055@g.us": {
      "antilink": false,
      "antilink2": false
    },
    "120363420069902180@g.us": {
      "antilink": false,
      "antilink2": false
    },
    "120363419791233848@g.us": {
      "antilink": false,
      "antilink2": false
    },
    "120363419812625586@g.us": {
      "antilink": false,
      "antilink2": false
    },
    "120363403602227062@g.us": {
      "antilink": false,
      "antilink2": false
    },
    "120363421265430366@g.us": {
      "antilink": false,
      "antilink2": false
    },
    "120363420492099340@g.us": {
      "antilink": false,
      "antilink2": false
    },
    "120363420527857555@g.us": {
      "antilink": false,
      "antilink2": false
    },
    "120363405405289979@g.us": {
      "antilink": false,
      "antilink2": false
    },
    "120363424417424662@g.us": {
      "antilink": false,
      "antilink2": false
    }
  },
  "settings": {
    "welcome": false,
    "developer": [],
    "reseller": [],
    "bljpm": [],
    "respon": [],
    "onlygc": false
  }
}